{
  "sense_analysis": "10 words analyzed",
  "multisimlex_en": {
    "correlation": -0.0029498653417206555,
    "p_value": 0.9913493247499718,
    "n_pairs": 16,
    "skipped": 0,
    "method": "fallback"
  },
  "multisimlex_fr": {
    "correlation": 0.30007792595709065,
    "p_value": 0.25880669910850645,
    "n_pairs": 16,
    "skipped": 0,
    "method": "fallback"
  },
  "multisimlex_en_fr": {
    "correlation": 0.28616174989770127,
    "p_value": 0.22127993771190455,
    "n_pairs": 20,
    "skipped": 0,
    "method": "fallback"
  },
  "translation_bleu": {
    "n_pairs": 500,
    "avg_bleu": 0.17992532825472568,
    "median_bleu": 0.1724137931034483,
    "std_bleu": 0.10082939395826129,
    "min_bleu": 0.0,
    "max_bleu": 0.75,
    "sacrebleu": null,
    "individual_scores": [
      0.21428571428571427,
      0.20689655172413793,
      0.21739130434782608,
      0.2,
      0.15789473684210525,
      0.42857142857142855,
      0.25,
      0.2962962962962963,
      0.2608695652173913,
      0.13793103448275862
    ]
  },
  "translation_accuracy": {
    "n_pairs": 500,
    "exact_match_rate": 0.0,
    "exact_matches": 0,
    "avg_word_accuracy": 0.17992532825472568,
    "avg_char_accuracy": 0.6764306994424871,
    "word_accuracies": [
      0.21428571428571427,
      0.20689655172413793,
      0.21739130434782608,
      0.2,
      0.15789473684210525,
      0.42857142857142855,
      0.25,
      0.2962962962962963,
      0.2608695652173913,
      0.13793103448275862
    ],
    "debug_examples": [
      {
        "source": "It is now the case that the level of distrust between the two sides is such that for any process of dialogue to stand a realistic chance of succeeding, some form of international facilitation is clearly essential.",
        "target": "Les deux camps ont \u00e0 pr\u00e9sent atteint un tel degr\u00e9 de m\u00e9fiance qu'une forme de m\u00e9diation internationale est devenue indispensable pour donner \u00e0 toute tentative de dialogue une chance r\u00e9aliste de succ\u00e8s.",
        "generated": "Il est maintenant le case case cela le level level de distrust distrust between between le two two sides sides est such such cela pour any any process process de dialogue dialogue \u00e0 stand stand a a realistic realistic chance chance de succeeding, succeeding, some some form form de international facilitation facilitation est clearly clearly essential. essential.",
        "normalized_target": "les deux camps ont \u00e0 pr\u00e9sent atteint un tel degr\u00e9 de m\u00e9fiance qu'une forme de m\u00e9diation internationale est devenue indispensable pour donner \u00e0 toute tentative de dialogue une chance r\u00e9aliste de succ\u00e8s.",
        "normalized_generated": "il est maintenant le case case cela le level level de distrust distrust between between le two two sides sides est such such cela pour any any process process de dialogue dialogue \u00e0 stand stand a a realistic realistic chance chance de succeeding, succeeding, some some form form de international facilitation facilitation est clearly clearly essential. essential.",
        "is_match": false,
        "word_accuracy": 0.21428571428571427
      },
      {
        "source": "The European Union has therefore appointed Felipe Gonz\u00e1lez as its representative to the FRY to work in tandem with his mandate from the chairman-in-office of the OSCE as his personal representative.",
        "target": "C'est pourquoi l'Union europ\u00e9enne a d\u00e9sign\u00e9 Felipe Gonz\u00e1lez comme son repr\u00e9sentant aupr\u00e8s de la R\u00e9publique f\u00e9d\u00e9rale de Yougoslavie. Il cumule cette fonction avec son mandat de repr\u00e9sentant personnel du pr\u00e9sident en exercice de l'OSCE.",
        "generated": "Le union europ\u00e9enne a therefore therefore appointed appointed felipe felipe gonz\u00e1lez gonz\u00e1lez as as its its representative representative \u00e0 le fry fry \u00e0 work work dans tandem tandem avec his his mandate mandate from from le chairman-in-office chairman-in-office de le osce osce as as his his personal personal representative. representative.",
        "normalized_target": "c'est pourquoi l'union europ\u00e9enne a d\u00e9sign\u00e9 felipe gonz\u00e1lez comme son repr\u00e9sentant aupr\u00e8s de la r\u00e9publique f\u00e9d\u00e9rale de yougoslavie. il cumule cette fonction avec son mandat de repr\u00e9sentant personnel du pr\u00e9sident en exercice de l'osce.",
        "normalized_generated": "le union europ\u00e9enne a therefore therefore appointed appointed felipe felipe gonz\u00e1lez gonz\u00e1lez as as its its representative representative \u00e0 le fry fry \u00e0 work work dans tandem tandem avec his his mandate mandate from from le chairman-in-office chairman-in-office de le osce osce as as his his personal personal representative. representative.",
        "is_match": false,
        "word_accuracy": 0.20689655172413793
      },
      {
        "source": "Belgrade's response so far to Mr Gonz\u00e1lez' mission has been disappointing. It continues to claim that Kosovo is an internal affair.",
        "target": "Belgrade a jusqu'\u00e0 pr\u00e9sent r\u00e9agi de mani\u00e8re d\u00e9cevante \u00e0 la mission de Felipe Gonz\u00e1lez en continuant de pr\u00e9tendre que le Kosovo est une affaire int\u00e9rieure.",
        "generated": "Belgrade's belgrade's response response so so far far \u00e0 mr mr gonz\u00e1lez' gonz\u00e1lez' mission mission a been been disappointing. disappointing. il continues continues \u00e0 claim claim cela kosovo kosovo est an an interne affair. affair.",
        "normalized_target": "belgrade a jusqu'\u00e0 pr\u00e9sent r\u00e9agi de mani\u00e8re d\u00e9cevante \u00e0 la mission de felipe gonz\u00e1lez en continuant de pr\u00e9tendre que le kosovo est une affaire int\u00e9rieure.",
        "normalized_generated": "belgrade's belgrade's response response so so far far \u00e0 mr mr gonz\u00e1lez' gonz\u00e1lez' mission mission a been been disappointing. disappointing. il continues continues \u00e0 claim claim cela kosovo kosovo est an an interne affair. affair.",
        "is_match": false,
        "word_accuracy": 0.21739130434782608
      },
      {
        "source": "But we reject such claims.",
        "target": "Nous n'acceptons pas cet argument.",
        "generated": "But but nous reject reject such such claims. claims.",
        "normalized_target": "nous n'acceptons pas cet argument.",
        "normalized_generated": "but but nous reject reject such such claims. claims.",
        "is_match": false,
        "word_accuracy": 0.2
      },
      {
        "source": "There are serious human rights concerns and these have no boundaries.",
        "target": "Les inqui\u00e9tudes au sujet des droits de l'homme sont bien r\u00e9elles et en cette mati\u00e8re, il n'existe pas de fronti\u00e8res.",
        "generated": "L\u00e0 sont serious serious humain droits concerns concerns et these these avoir non boundaries. boundaries.",
        "normalized_target": "les inqui\u00e9tudes au sujet des droits de l'homme sont bien r\u00e9elles et en cette mati\u00e8re, il n'existe pas de fronti\u00e8res.",
        "normalized_generated": "l\u00e0 sont serious serious humain droits concerns concerns et these these avoir non boundaries. boundaries.",
        "is_match": false,
        "word_accuracy": 0.15789473684210525
      },
      {
        "source": "The situation in Kosovo also poses serious risks to the security of neighbouring states and to the stability of the region as a whole.",
        "target": "En outre, la situation au Kosovo pr\u00e9sente de s\u00e9rieux risques pour la s\u00e9curit\u00e9 des \u00c9tats voisins et pour la stabilit\u00e9 de la r\u00e9gion dans son ensemble.",
        "generated": "Le situation situation dans kosovo kosovo also also poses poses serious serious risques \u00e0 le s\u00e9curit\u00e9 de neighbouring neighbouring \u00e9tats et \u00e0 le stability stability de le r\u00e9gion as as a a whole. whole.",