{
  "model_name": "transformer",
  "parameters": 131181824,
  "model_path": "/Users/itskavya/Documents/multilingual-backpacks/out/transformer_full",
  "translation_bleu": {
    "n_pairs": 500,
    "avg_bleu": 0.22441438155034132,
    "median_bleu": 0.22580645161290322,
    "std_bleu": 0.09796133264745,
    "min_bleu": 0.0,
    "max_bleu": 0.75,
    "sacrebleu": null,
    "individual_scores": [
      0.21428571428571427,
      0.27586206896551724,
      0.13043478260869565,
      0.2,
      0.21052631578947367,
      0.42857142857142855,
      0.21428571428571427,
      0.25925925925925924,
      0.34782608695652173,
      0.06896551724137931
    ]
  },
  "translation_accuracy": {
    "n_pairs": 500,
    "exact_match_rate": 0.0,
    "exact_matches": 0,
    "avg_word_accuracy": 0.22441438155034132,
    "avg_char_accuracy": 0.8355149417530374,
    "word_accuracies": [
      0.21428571428571427,
      0.27586206896551724,
      0.13043478260869565,
      0.2,
      0.21052631578947367,
      0.42857142857142855,
      0.21428571428571427,
      0.25925925925925924,
      0.34782608695652173,
      0.06896551724137931
    ],
    "debug_examples": [
      {
        "source": "It is now the case that the level of distrust between the two sides is such that for any process of dialogue to stand a realistic chance of succeeding, some form of international facilitation is clearly essential.",
        "target": "Les deux camps ont \u00e0 pr\u00e9sent atteint un tel degr\u00e9 de m\u00e9fiance qu'une forme de m\u00e9diation internationale est devenue indispensable pour donner \u00e0 toute tentative de dialogue une chance r\u00e9aliste de succ\u00e8s.",
        "generated": "Il est maintenant le situation cela le gr\u00e9 de dis entre le deux Bible est telle cela pour n\u00e9l programme de collaboration \u00e0 se tenir debout une r\u00e9ussi occasion de n\u00e7 certains definition de international qu\u00ea est clairement essentiel",
        "normalized_target": "les deux camps ont \u00e0 pr\u00e9sent atteint un tel degr\u00e9 de m\u00e9fiance qu'une forme de m\u00e9diation internationale est devenue indispensable pour donner \u00e0 toute tentative de dialogue une chance r\u00e9aliste de succ\u00e8s.",
        "normalized_generated": "il est maintenant le situation cela le gr\u00e9 de dis entre le deux bible est telle cela pour n\u00e9l programme de collaboration \u00e0 se tenir debout une r\u00e9ussi occasion de n\u00e7 certains definition de international qu\u00ea est clairement essentiel",
        "is_match": false,
        "word_accuracy": 0.21428571428571427
      },
      {
        "source": "The European Union has therefore appointed Felipe Gonz\u00e1lez as its representative to the FRY to work in tandem with his mandate from the chairman-in-office of the OSCE as his personal representative.",
        "target": "C'est pourquoi l'Union europ\u00e9enne a d\u00e9sign\u00e9 Felipe Gonz\u00e1lez comme son repr\u00e9sentant aupr\u00e8s de la R\u00e9publique f\u00e9d\u00e9rale de Yougoslavie. Il cumule cette fonction avec son mandat de repr\u00e9sentant personnel du pr\u00e9sident en exercice de l'OSCE.",
        "generated": "Le union europ\u00e9enne a cons\u00e9quent pr\u00e9 l\u00e9 pr\u00e9 comme le repr\u00e9sentant au troisi\u00e8me \u00e0 travailler dans collaboration avec son \u00e9crit du rapport du d\u00e9sir comme son personnel repr\u00e9sentant",
        "normalized_target": "c'est pourquoi l'union europ\u00e9enne a d\u00e9sign\u00e9 felipe gonz\u00e1lez comme son repr\u00e9sentant aupr\u00e8s de la r\u00e9publique f\u00e9d\u00e9rale de yougoslavie. il cumule cette fonction avec son mandat de repr\u00e9sentant personnel du pr\u00e9sident en exercice de l'osce.",
        "normalized_generated": "le union europ\u00e9enne a cons\u00e9quent pr\u00e9 l\u00e9 pr\u00e9 comme le repr\u00e9sentant au troisi\u00e8me \u00e0 travailler dans collaboration avec son \u00e9crit du rapport du d\u00e9sir comme son personnel repr\u00e9sentant",
        "is_match": false,
        "word_accuracy": 0.27586206896551724
      },
      {
        "source": "Belgrade's response so far to Mr Gonz\u00e1lez' mission has been disappointing. It continues to claim that Kosovo is an internal affair.",
        "target": "Belgrade a jusqu'\u00e0 pr\u00e9sent r\u00e9agi de mani\u00e8re d\u00e9cevante \u00e0 la mission de Felipe Gonz\u00e1lez en continuant de pr\u00e9tendre que le Kosovo est une affaire int\u00e9rieure.",
        "generated": "Innovation r\u00e9ponse donc loin \u00e0 achten pr\u00e9 r\u00f4le a \u00e9t\u00e9 dis il commence \u00e0 condition cela kos est a interne discussion",
        "normalized_target": "belgrade a jusqu'\u00e0 pr\u00e9sent r\u00e9agi de mani\u00e8re d\u00e9cevante \u00e0 la mission de felipe gonz\u00e1lez en continuant de pr\u00e9tendre que le kosovo est une affaire int\u00e9rieure.",
        "normalized_generated": "innovation r\u00e9ponse donc loin \u00e0 achten pr\u00e9 r\u00f4le a \u00e9t\u00e9 dis il commence \u00e0 condition cela kos est a interne discussion",
        "is_match": false,
        "word_accuracy": 0.13043478260869565
      },
      {
        "source": "But we reject such claims.",
        "target": "Nous n'acceptons pas cet argument.",
        "generated": "Et nous rejeter telle evidence",
        "normalized_target": "nous n'acceptons pas cet argument.",
        "normalized_generated": "et nous rejeter telle evidence",
        "is_match": false,
        "word_accuracy": 0.2
      },
      {
        "source": "There are serious human rights concerns and these have no boundaries.",
        "target": "Les inqui\u00e9tudes au sujet des droits de l'homme sont bien r\u00e9elles et en cette mati\u00e8re, il n'existe pas de fronti\u00e8res.",
        "generated": "L\u00e0 sont s\u00e9rieux humain droits occupation et des avoir non l\u00e9p",
        "normalized_target": "les inqui\u00e9tudes au sujet des droits de l'homme sont bien r\u00e9elles et en cette mati\u00e8re, il n'existe pas de fronti\u00e8res.",
        "normalized_generated": "l\u00e0 sont s\u00e9rieux humain droits occupation et des avoir non l\u00e9p",
        "is_match": false,
        "word_accuracy": 0.21052631578947367
      },
      {
        "source": "The situation in Kosovo also poses serious risks to the security of neighbouring states and to the stability of the region as a whole.",
        "target": "En outre, la situation au Kosovo pr\u00e9sente de s\u00e9rieux risques pour la s\u00e9curit\u00e9 des \u00c9tats voisins et pour la stabilit\u00e9 de la r\u00e9gion dans son ensemble.",
        "generated": "Le violence dans kos aussi r\u00e9soudre s\u00e9rieux risques au s\u00e9curit\u00e9 de non \u00e9tats et au croissance du r\u00e9gion comme une direction",
        "normalized_target": "en outre, la situation au kosovo pr\u00e9sente de s\u00e9rieux risques pour la s\u00e9curit\u00e9 des \u00e9tats voisins et pour la stabilit\u00e9 de la r\u00e9gion dans son ensemble.",
        "normalized_generated": "le violence dans kos aussi r\u00e9soudre s\u00e9rieux risques au s\u00e9curit\u00e9 de non \u00e9tats et au croissance du r\u00e9gion comme une direction",
        "is_match": false,
        "word_accuracy": 0.42857142857142855
      },
      {
        "source": "The governments of those states which stand to be affected most, namely Albania and Macedonia, have taken a constructive approach to Kosovo which we very much welcome.",
        "target": "Les gouvernements des \u00c9tats qui risquent le plus d'\u00eatre touch\u00e9s, \u00e0 savoir l'Albanie et la Mac\u00e9doine, ont adopt\u00e9 une approche constructive \u00e0 l'\u00e9gard du Kosovo et nous nous en f\u00e9licitons vivement.",
        "generated": "Le government de celle \u00e9tats laquelle se tenir debout \u00e0 \u00eatre concern\u00e9 tr\u00e8s D\u00e9l \u00e9vel et mac avoir \u00e9e une historique solution \u00e0 kos laquelle nous tr\u00e8s relativement appr\u00e9cie",