{
  "iterations": [
    0,
    100,
    200,
    300,
    400,
    500,
    600,
    700,
    800,
    900,
    1000,
    1100,
    1200,
    1300,
    1400,
    1500,
    1600,
    1700,
    1800,
    1900,
    2000
  ],
  "train_loss": [
    12.486747741699219,
    7.8058881759643555,
    6.472002983093262,
    5.955082416534424,
    5.663270950317383,
    5.389270782470703,
    5.199440956115723,
    5.092334270477295,
    4.980376243591309,
    4.863041877746582,
    4.764181137084961,
    4.706951141357422,
    4.673935413360596,
    4.5978546142578125,
    4.57176399230957,
    4.520187854766846,
    4.454891204833984,
    4.415253162384033,
    4.379565238952637,
    4.359201908111572,
    4.292975425720215
  ],
  "val_loss": [
    12.484123229980469,
    7.78427267074585,
    6.5027265548706055,
    6.043877124786377,
    5.679318904876709,
    5.398289680480957,
    5.212733268737793,
    5.105930328369141,
    5.091283321380615,
    4.968674182891846,
    4.8717265129089355,
    4.817100524902344,
    4.762111186981201,
    4.743878364562988,
    4.642553329467773,
    4.717257976531982,
    4.6324591636657715,
    4.575906753540039,
    4.514793872833252,
    4.4865007400512695,
    4.4805192947387695
  ],
  "top_activating_words": []
}